{
    "input": {
        "item": "lucraftcore:injection",
		"nbt": "{\"Injection\": \"speedsterheroes:speedforce\"}"
    },

    "input_container": {
        "item": "lucraftcore:injection",
		"nbt": "{\"Injection\": \"maxheroes:darkmatter\"}"
    },
    
    "input_fluid": {
        "fluid": "vibranium",
        "amount": 3000
    },
    
    "energy": 20000,
    
    "outputs": {
        "primary": {
            "item": "lucraftcore:injection",
            "nbt": "{\"Injection\": \"maxheroes:negativespeedforce\"}",
            "chance": 0.95
        }
    }
}