{
	"name": {
		"text": "Kid Flash's Suit"
	},

	"armor_material": {
		"durability": 18,
		"damage_reduction_amounts": [2, 5, 6, 2],
		"enchantibility": 8,
		"toughness": 0.0,
		"sound": "item.armor.equip_generic"
	},

	"creative_tab": "s7",

	"data": {
		"trail": {
			"red": 1,
			"green": 0.75,
			"blue": 0
		},
		"flicker": {
			"red": 1,
			"green": 0.75,
			"blue": 0
		},
		"speed_levels": 25
	},

	"description": {
		"text": "Kid Flash (Season 6) (CW)"
	},

	"abilities": [{
			"ability": "lucraftcore:fire_resistance"
		},
		{
			"ability": "lucraftcore:healing",
			"frequency": 20,
			"amount": 5
		},
		{
			"ability": "speedsterheroes:suit_ring"
		}
	],

	"armor_parts": {

		"head": {
			"openable": true,
			"glow": false,
			"armor_model_scale": 0.5,
			"name": {
				"text": "Kid Flash's Mask"
			},
			"textures": {
				"normal": "s7:textures/models/armor/kidf6/helmet.png",
				"normal_open": "s7:textures/models/armor/kidf6/helmet_open.png"
			},
			"item_texture": {
				"blockstate": "s7:kidf6_suit"
			}

		},

		"chest": {
			"openable": false,
			"glow": false,
			"armor_model_scale": 0.252,
			"name": {
				"text": "Kid Flash's Chestpiece"
			},
			"textures": {
				"normal": "s7:textures/models/armor/kidf6/chestplate.png",
				"normal_smallarms": "s7:textures/models/armor/kidf6/chestplate_smallarms.png"
			},
			"item_texture": {
				"blockstate": "s7:kidf6_suit"
			}
		},

		"legs": {
			"openable": false,
			"glow": false,
			"armor_model_scale": 0.25,
			"name": {
				"text": "Kid Flash's Pants"
			},
			"textures": {
				"normal": "s7:textures/models/armor/kidf6/legs.png"
			},
			"item_texture": {
				"blockstate": "s7:kidf6_suit"
			}
		},

		"feet": {
			"openable": false,
			"glow": false,
			"armor_model_scale": 0.252,
			"name": {
				"text": "Kid Flash's Boots"
			},
			"textures": {
				"normal": "s7:textures/models/armor/kidf6/boots.png"
			},
			"item_texture": {
				"blockstate": "s7:kidf6_suit"
			}
		}
	}
}